{
  "project_info": {
    "project_number": "464522414398",
    "project_id": "reminder-fb6ea",
    "storage_bucket": "reminder-fb6ea.appspot.com"
  },
  "client": [
    {
      "client_info": {
        "mobilesdk_app_id": "1:464522414398:android:2e4a1910ba1d26fdac446f",
        "android_client_info": {
          "package_name": "com.vito.reminder_app"
        }
      },
      "oauth_client": [
        {
          "client_id": "464522414398-54f4i81dbjv3fop1espltbfai4a43ro8.apps.googleusercontent.com",
          "client_type": 3
        }
      ],
      "api_key": [
        {
          "current_key": "AIzaSyBFFKIPodZLwlT6kF4UHdu0GaVz5Rs_yYI"
        }
      ],
      "services": {
        "appinvite_service": {
          "other_platform_oauth_client": [
            {
              "client_id": "464522414398-54f4i81dbjv3fop1espltbfai4a43ro8.apps.googleusercontent.com",
              "client_type": 3
            }
          ]
        }
      }
    }
  ],
  "configuration_version": "1"
}